"ITEM","LOCATION"
"aayla-secura","Cantina 5-B"
"admiral-ackbar","Fleet Store"
"admiral-ackbar","Squad Arena Shipments"
"ahsoka-tano","Dark Hard 4-C"
"ahsoka-tano","Fleet Store"
"ahsoka-tano","Light Hard 5-D"
"ahsoka-tano","Squad Cantina Battle Shipments"
"asajj-ventress","Squad Arena Shipments"
"b2-super-battle-droid","Cantina 6-D"
"barriss-offee","Cantina 6-A"
"barriss-offee","Dark Hard 5-C"
"barriss-offee","Dark Hard 5-E"
"barriss-offee","Dark Hard 8-A"
"baze-malbus","Light Hard 9-C"
"biggs-darklighter","Cantina 3-G"
"biggs-darklighter","Dark Hard 4-A"
"biggs-darklighter","Fleet Store"
"biggs-darklighter","Galactic War Shipments"
"bistan","Fleet Store"
"bistan","Squad Cantina Battle Shipments"
"boba-fett","Dark Hard 2-B"
"boba-fett","Dark Hard 4-E"
"boba-fett","Fleet Store"
"boba-fett","Light Hard 8-A"
"boba-fett","Squad Cantina Battle Shipments"
"bodhi-rook","Galactic War Shipments"
"cad-bane","Galactic War Shipments"
"captain-phasma","Galactic War Shipments"
"cassian-andor","Squad Arena Shipments"
"cc-2224-cody","Fleet Store"
"cc-2224-cody","Guild Shipments"
"chief-chirpa","Cantina 5-D"
"chief-nebit","Squad Arena Shipments"
"chirrut-imwe","Fleet Store"
"chopper","Squad Cantina Battle Shipments"
"clone-sergeant-phase-i","Dark Hard 1-B"
"clone-sergeant-phase-i","Dark Hard 3-E"
"clone-sergeant-phase-i","Light Hard 5-E"
"clone-wars-chewbacca","Cantina 1-C"
"clone-wars-chewbacca","Cantina 5-G"
"clone-wars-chewbacca","Dark Hard 2-C"
"clone-wars-chewbacca","Light Hard 3-E"
"coruscant-underworld-police","Squad Arena Shipments"
"count-dooku","Cantina 6-G"
"count-dooku","Dark Hard 1-C"
"count-dooku","Light Hard 1-C"
"ct-21-0408-echo","Fleet Store"
"ct-21-0408-echo","Guild Shipments"
"ct-5555-fives","Dark Hard 2-D"
"ct-5555-fives","Light Hard 4-F"
"ct-5555-fives","Squad Cantina Battle Shipments"
"ct-7567-rex","Fleet Store"
"ct-7567-rex","Guild Shipments"
"darth-maul","Fleet Store"
"darth-maul","Guild Shipments"
"darth-nihilus","Dark Hard 9-A"
"darth-nihilus","Shard Shop"
"darth-sidious","Squad Arena Shipments"
"darth-vader","Fleet Store"
"dathcha","Cantina 2-G"
"dathcha","Galactic War Shipments"
"dathcha","Light Hard 3-B"
"dathcha","Light Hard 3-F"
"death-trooper","Cantina 8-A"
"dengar","Guild Shipments"
"director-krennic","Light Hard 9-D"
"eeth-koth","Squad Arena Shipments"
"ewok-elder","Dark Hard 8-C"
"ewok-elder","Guild Shipments"
"ewok-elder","Light Hard 2-C"
"ewok-scout","Dark Hard 8-D"
"ewok-scout","Light Hard 1-A"
"ezra-bridger","Cantina 2-B"
"ezra-bridger","Fleet Store"
"finn","Cantina 3-E"
"finn","Cantina 5-C"
"finn","Light Hard 7-A"
"first-order-officer","Squad Cantina Battle Shipments"
"first-order-stormtrooper","Dark Hard 2-A"
"first-order-stormtrooper","Light Hard 2-B"
"first-order-stormtrooper","Light Hard 9-A"
"first-order-tie-pilot","Dark Hard 6-B"
"first-order-tie-pilot","Light Hard 6-D"
"gamorrean-guard","Guild Shipments"
"garazeb-zeb-orrelios","Galactic War Shipments"
"general-grievous","Fleet Store"
"general-grievous","Shard Shop"
"general-veers","Dark Hard 6-D"
"general-veers","Light Hard 4-C"
"general-veers","Light Hard 6-C"
"geonosian-soldier","Cantina 1-A"
"geonosian-soldier","Fleet Store"
"geonosian-spy","Cantina 4-D"
"geonosian-spy","Fleet Store"
"grand-moff-tarkin","Fleet Store"
"grand-moff-tarkin","Squad Arena Shipments"
"greedo","Squad Arena Shipments"
"hera-syndulla","Cantina 1-F"
"hk-47","Squad Arena Shipments"
"hoth-rebel-scout","Dark Hard 6-A"
"hoth-rebel-scout","Light Hard 8-B"
"hoth-rebel-scout","Squad Cantina Battle Shipments"
"hoth-rebel-soldier","Dark Hard 3-B"
"ig-100-magnaguard","Cantina 3-C"
"ig-100-magnaguard","Dark Hard 6-E"
"ig-86-sentinel-droid","Cantina 4-E"
"ig-86-sentinel-droid","Dark Hard 2-F"
"ig-86-sentinel-droid","Galactic War Shipments"
"ig-86-sentinel-droid","Light Hard 4-D"
"ig-88","Squad Arena Shipments"
"ima-gun-di","Cantina 7-E"
"ima-gun-di","Dark Hard 5-A"
"ima-gun-di","Guild Shipments"
"ima-gun-di","Light Hard 7-C"
"jawa-engineer","Guild Shipments"
"jawa-scavenger","Squad Cantina Battle Shipments"
"jawa","Cantina 2-D"
"jawa","Dark Hard 4-F"
"jawa","Light Hard 6-B"
"jedi-consular","Cantina 3-A"
"jedi-consular","Cantina 6-E"
"jedi-consular","Dark Hard 1-D"
"jedi-consular","Dark Hard 3-C"
"jedi-consular","Fleet Store"
"jedi-consular","Light Hard 1-B"
"jedi-knight-anakin","Cantina 7-G"
"jedi-knight-anakin","Dark Hard 5-B"
"jedi-knight-anakin","Dark Hard 7-D"
"jedi-knight-anakin","Light Hard 5-C"
"jedi-knight-guardian","Dark Hard 3-F"
"jedi-knight-guardian","Squad Cantina Battle Shipments"
"jyn-erso","Guild Shipments"
"k-2so","Galactic War Shipments"
"kanan-jarrus","Squad Arena Shipments"
"kit-fisto","Cantina 4-F"
"kylo-ren","Cantina 4-C"
"kylo-ren","Cantina 6-C"
"lando-calrissian","Cantina 1-E"
"lando-calrissian","Cantina 5-F"
"lobot","Light Hard 4-B"
"lobot","Light Hard 5-B"
"luke-skywalker","Cantina 1-B"
"luke-skywalker","Cantina 5-A"
"luke-skywalker","Guild Shipments"
"luke-skywalker","Light Hard 7-D"
"luminara-unduli","Dark Hard 2-E"
"luminara-unduli","Galactic War Shipments"
"luminara-unduli","Light Hard 3-D"
"luminara-unduli","Light Hard 6-A"
"mace-windu","Cantina 4-A"
"mace-windu","Fleet Store"
"mace-windu","Light Hard 2-E"
"mace-windu","Squad Arena Shipments"
"magmatrooper","Galactic War Shipments"
"mob-enforcer","Squad Cantina Battle Shipments"
"nightsister-acolyte","Cantina 2-A"
"nightsister-initiate","Galactic War Shipments"
"nute-gunray","Squad Arena Shipments"
"obi-wan-kenobi-old-ben","Cantina 2-F"
"obi-wan-kenobi-old-ben","Cantina 6-B"
"old-daka","Dark Hard 4-B"
"old-daka","Squad Cantina Battle Shipments"
"pao","Squad Cantina Battle Shipments"
"plo-koon","Cantina 4-G"
"plo-koon","Dark Hard 7-C"
"plo-koon","Fleet Store"
"poe-dameron","Dark Hard 7-A"
"poe-dameron","Fleet Store"
"poe-dameron","Light Hard 7-B"
"poe-dameron","Squad Cantina Battle Shipments"
"poggle-the-lesser","Galactic War Shipments"
"poggle-the-lesser","Light Hard 4-E"
"poggle-the-lesser","Light Hard 6-E"
"princess-leia","Squad Arena Shipments"
"qui-gon-jinn","Squad Cantina Battle Shipments"
"resistance-pilot","Fleet Store"
"resistance-pilot","Galactic War Shipments"
"resistance-trooper","Dark Hard 3-A"
"resistance-trooper","Guild Shipments"
"resistance-trooper","Light Hard 3-A"
"rey","Dark Hard 5-D"
"rey","Dark Hard 7-B"
"rey","Guild Shipments"
"rey","Light Hard 2-A"
"royal-guard","Cantina 7-C"
"royal-guard","Dark Hard 5-F"
"royal-guard","Light Hard 1-D"
"sabine-wren","Dark Hard 1-A"
"sabine-wren","Guild Shipments"
"savage-opress","Squad Arena Shipments"
"scarif-rebel-pathfinder","Cantina 1-D"
"scarif-rebel-pathfinder","Fleet Store"
"shoretrooper","Light Hard 9-B"
"sith-assassin","Cantina 8-C"
"sith-assassin","Shard Shop"
"sith-trooper","Cantina 8-B"
"sith-trooper","Shard Shop"
"snowtrooper","Cantina 7-B"
"snowtrooper","Guild Shipments"
"snowtrooper","Light Hard 8-C"
"stormtrooper-han","Squad Arena Shipments"
"stormtrooper","Dark Hard 4-D"
"stormtrooper","Light Hard 3-C"
"stormtrooper","Light Hard 8-D"
"stormtrooper","Squad Cantina Battle Shipments"
"sun-fac","Fleet Store"
"sun-fac","Guild Shipments"
"talia","Cantina 1-G"
"talia","Cantina 5-E"
"talia","Light Hard 2-D"
"talia","Light Hard 2-F"
"teebo","Dark Hard 3-D"
"teebo","Galactic War Shipments"
"teebo","Light Hard 4-A"
"tie-fighter-pilot","Cantina 4-B"
"tusken-raider","Cantina 7-A"
"tusken-raider","Dark Hard 6-C"
"tusken-raider","Galactic War Shipments"
"tusken-shaman","Fleet Store"
"tusken-shaman","Guild Shipments"
"ugnaught","Squad Arena Shipments"
"urorrurrr","Light Hard 5-A"
"urorrurrr","Light Hard 5-F"
"wedge-antilles","Cantina 6-F"
"wedge-antilles","Fleet Store"
"zam-wesell","Fleet Store"
"zam-wesell","Guild Shipments"
"mk-1-blastech-weapon-mod","Dark Hard 1-A"
"mk-1-blastech-weapon-mod","Dark Normal 1-D"
"mk-1-blastech-weapon-mod","Dark Normal 6-G"
"mk-1-blastech-weapon-mod","Light Hard 1-C"
"mk-1-blastech-weapon-mod","Light Hard 2-C"
"mk-1-blastech-weapon-mod","Light Hard 2-E"
"mk-1-blastech-weapon-mod","Light Hard 3-A"
"mk-1-blastech-weapon-mod","Light Hard 4-F"
"mk-1-blastech-weapon-mod","Light Normal 1-C"
"mk-1-blastech-weapon-mod","Light Normal 1-E"
"mk-1-blastech-weapon-mod","Light Normal 2-F"
"mk-1-blastech-weapon-mod","Light Normal 3-B"
"mk-1-blastech-weapon-mod","Light Normal 4-L"
"mk-1-baw-armor-mod","Dark Normal 2-C"
"mk-1-baw-armor-mod","Dark Normal 5-C"
"mk-1-baw-armor-mod","Light Hard 1-A"
"mk-1-baw-armor-mod","Light Hard 1-B"
"mk-1-baw-armor-mod","Light Hard 1-D"
"mk-1-baw-armor-mod","Light Hard 2-B"
"mk-1-baw-armor-mod","Light Normal 1-C"
"mk-1-baw-armor-mod","Light Normal 1-D"
"mk-1-baw-armor-mod","Light Normal 1-E"
"mk-1-baw-armor-mod","Light Normal 2-D"
"mk-1-baw-armor-mod","Light Normal 4-G"
"mk-1-baw-armor-mod","Light Normal 8-E"
"mk-1-neuro-saav-electrobinoculars","Dark Hard 2-B"
"mk-1-neuro-saav-electrobinoculars","Dark Hard 4-F"
"mk-1-neuro-saav-electrobinoculars","Dark Normal 4-K"
"mk-1-neuro-saav-electrobinoculars","Light Hard 1-D"
"mk-1-neuro-saav-electrobinoculars","Light Hard 2-F"
"mk-1-neuro-saav-electrobinoculars","Light Hard 4-E"
"mk-1-neuro-saav-electrobinoculars","Light Normal 1-C"
"mk-1-neuro-saav-electrobinoculars","Light Normal 1-E"
"mk-1-neuro-saav-electrobinoculars","Light Normal 1-F"
"mk-1-neuro-saav-electrobinoculars","Light Normal 2-A"
"mk-1-neuro-saav-electrobinoculars","Light Normal 2-H"
"mk-1-neuro-saav-electrobinoculars","Light Normal 4-I"
"mk-1-taggeco-holo-lens","Dark Hard 4-C"
"mk-1-taggeco-holo-lens","Dark Normal 4-F"
"mk-1-taggeco-holo-lens","Light Hard 1-A"
"mk-1-taggeco-holo-lens","Light Hard 2-D"
"mk-1-taggeco-holo-lens","Light Hard 3-C"
"mk-1-taggeco-holo-lens","Light Hard 5-F"
"mk-1-taggeco-holo-lens","Light Normal 1-C"
"mk-1-taggeco-holo-lens","Light Normal 1-F"
"mk-1-taggeco-holo-lens","Light Normal 3-C"
"mk-1-taggeco-holo-lens","Light Normal 5-L"
"mk-1-taggeco-holo-lens","Light Normal 6-I"
"mk-1-nubian-security-scanner","Dark Hard 1-A"
"mk-1-nubian-security-scanner","Dark Normal 1-B"
"mk-1-nubian-security-scanner","Dark Normal 5-G"
"mk-1-nubian-security-scanner","Light Hard 1-A"
"mk-1-nubian-security-scanner","Light Hard 3-F"
"mk-1-nubian-security-scanner","Light Normal 1-C"
"mk-1-nubian-security-scanner","Light Normal 1-E"
"mk-1-nubian-security-scanner","Light Normal 3-I"
"mk-1-loronar-power-cell","Dark Hard 4-F"
"mk-1-loronar-power-cell","Dark Normal 4-L"
"mk-1-loronar-power-cell","Dark Normal 6-B"
"mk-1-loronar-power-cell","Light Hard 2-A"
"mk-1-loronar-power-cell","Light Hard 3-B"
"mk-1-loronar-power-cell","Light Normal 1-D"
"mk-1-loronar-power-cell","Light Normal 1-E"
"mk-1-loronar-power-cell","Light Normal 2-C"
"mk-1-loronar-power-cell","Light Normal 3-H"
"mk-1-loronar-power-cell","Light Normal 8-H"
"mk-1-fabritech-data-pad","Dark Hard 4-E"
"mk-1-fabritech-data-pad","Dark Normal 4-J"
"mk-1-fabritech-data-pad","Dark Normal 6-C"
"mk-1-fabritech-data-pad","Light Hard 1-B"
"mk-1-fabritech-data-pad","Light Hard 2-C"
"mk-1-fabritech-data-pad","Light Hard 4-B"
"mk-1-fabritech-data-pad","Light Hard 4-C"
"mk-1-fabritech-data-pad","Light Normal 1-D"
"mk-1-fabritech-data-pad","Light Normal 1-F"
"mk-1-fabritech-data-pad","Light Normal 2-F"
"mk-1-fabritech-data-pad","Light Normal 4-C"
"mk-1-fabritech-data-pad","Light Normal 4-F"
"mk-1-arakyd-droid-caller","Dark Hard 2-A"
"mk-1-arakyd-droid-caller","Dark Normal 2-D"
"mk-1-arakyd-droid-caller","Dark Normal 6-F"
"mk-1-arakyd-droid-caller","Light Hard 1-D"
"mk-1-arakyd-droid-caller","Light Hard 2-C"
"mk-1-arakyd-droid-caller","Light Hard 3-C"
"mk-1-arakyd-droid-caller","Light Hard 4-E"
"mk-1-arakyd-droid-caller","Light Normal 2-A"
"mk-1-arakyd-droid-caller","Light Normal 2-D"
"mk-1-arakyd-droid-caller","Light Normal 3-D"
"mk-1-arakyd-droid-caller","Light Normal 4-J"
"mk-1-biotech-implant","Light Hard 1-C"
"mk-1-biotech-implant","Light Hard 2-E"
"mk-1-biotech-implant","Light Hard 3-E"
"mk-1-biotech-implant","Light Hard 4-D"
"mk-1-biotech-implant","Light Normal 1-F"
"mk-1-biotech-implant","Light Normal 2-G"
"mk-1-biotech-implant","Light Normal 3-G"
"mk-1-biotech-implant","Light Normal 4-H"
"mk-1-akt-stun-gun","Dark Normal 2-I"
"mk-1-akt-stun-gun","Light Hard 2-A"
"mk-1-akt-stun-gun","Light Hard 3-F"
"mk-1-akt-stun-gun","Light Hard 4-A"
"mk-1-akt-stun-gun","Light Normal 2-B"
"mk-1-akt-stun-gun","Light Normal 3-E"
"mk-1-akt-stun-gun","Light Normal 4-A"
"mk-1-akt-stun-gun","Light Normal 6-H"
"mk-1-akt-stun-gun","Light Normal 6-J"
"mk-1-cec-fusion-furnace","Dark Hard 4-D"
"mk-1-cec-fusion-furnace","Dark Normal 4-G"
"mk-1-cec-fusion-furnace","Light Hard 1-B"
"mk-1-cec-fusion-furnace","Light Normal 1-D"
"mk-1-cec-fusion-furnace","Light Normal 6-D"
"mk-1-merr-sonn-shield-generator","Dark Hard 4-D"
"mk-1-merr-sonn-shield-generator","Dark Normal 4-H"
"mk-1-merr-sonn-shield-generator","Dark Normal 6-A"
"mk-1-merr-sonn-shield-generator","Dark Normal 6-H"
"mk-1-merr-sonn-shield-generator","Light Hard 1-C"
"mk-1-merr-sonn-shield-generator","Light Hard 3-F"
"mk-1-merr-sonn-shield-generator","Light Normal 1-F"
"mk-1-merr-sonn-shield-generator","Light Normal 3-G"
"mk-1-merr-sonn-shield-generator","Light Normal 8-G"
"mk-2-blastech-weapon-mod","Dark Hard 1-B"
"mk-2-blastech-weapon-mod","Dark Hard 2-C"
"mk-2-blastech-weapon-mod","Dark Hard 3-B"
"mk-2-blastech-weapon-mod","Dark Hard 4-B"
"mk-2-blastech-weapon-mod","Dark Normal 1-F"
"mk-2-blastech-weapon-mod","Dark Normal 2-B"
"mk-2-blastech-weapon-mod","Dark Normal 4-C"
"mk-2-blastech-weapon-mod","Dark Normal 6-E"
"mk-2-blastech-weapon-mod","Dark Normal 8-D"
"mk-2-blastech-weapon-mod","Light Hard 3-D"
"mk-2-blastech-weapon-mod","Light Hard 4-C"
"mk-2-blastech-weapon-mod","Light Normal 3-E"
"mk-2-blastech-weapon-mod","Light Normal 4-E"
"mk-2-baw-armor-mod-prototype","Dark Hard 3-A"
"mk-2-baw-armor-mod-prototype","Dark Normal 3-C"
"mk-2-baw-armor-mod-prototype","Light Hard 2-A"
"mk-2-baw-armor-mod-prototype","Light Normal 2-C"
"mk-2-baw-armor-mod-prototype","Light Normal 6-E"
"mk-2-neuro-saav-electrobinoculars-prototype","Dark Hard 4-B"
"mk-2-neuro-saav-electrobinoculars-prototype","Dark Normal 4-D"
"mk-2-neuro-saav-electrobinoculars-prototype","Dark Normal 6-I"
"mk-2-neuro-saav-electrobinoculars-prototype","Light Hard 2-F"
"mk-2-neuro-saav-electrobinoculars-prototype","Light Hard 4-A"
"mk-2-neuro-saav-electrobinoculars-prototype","Light Normal 2-I"
"mk-2-neuro-saav-electrobinoculars-prototype","Light Normal 4-B"
"mk-2-taggeco-holo-lens","Dark Hard 1-B"
"mk-2-taggeco-holo-lens","Dark Hard 3-E"
"mk-2-taggeco-holo-lens","Dark Hard 5-D"
"mk-2-taggeco-holo-lens","Dark Hard 5-E"
"mk-2-taggeco-holo-lens","Dark Normal 1-A"
"mk-2-taggeco-holo-lens","Dark Normal 3-G"
"mk-2-taggeco-holo-lens","Dark Normal 5-G"
"mk-2-taggeco-holo-lens","Light Hard 3-A"
"mk-2-taggeco-holo-lens","Light Normal 3-A"
"mk-2-taggeco-holo-lens","Light Normal 7-G"
"mk-2-nubian-security-scanner-prototype","Dark Hard 2-F"
"mk-2-nubian-security-scanner-prototype","Dark Normal 2-G"
"mk-2-nubian-security-scanner-prototype","Dark Normal 6-D"
"mk-2-nubian-security-scanner-prototype","Light Hard 2-B"
"mk-2-nubian-security-scanner-prototype","Light Hard 4-B"
"mk-2-nubian-security-scanner-prototype","Light Normal 2-E"
"mk-2-nubian-security-scanner-prototype","Light Normal 4-D"
"mk-1-sorosuub-keypad","Dark Hard 1-C"
"mk-1-sorosuub-keypad","Dark Normal 1-C"
"mk-1-sorosuub-keypad","Dark Normal 5-I"
"mk-1-sorosuub-keypad","Dark Normal 8-E"
"mk-1-sorosuub-keypad","Light Hard 2-B"
"mk-1-sorosuub-keypad","Light Normal 2-E"
"mk-1-sorosuub-keypad","Light Normal 7-D"
"mk-1-sorosuub-keypad","Light Normal 8-B"
"mk-1-czerka-stun-cuffs","Dark Hard 3-A"
"mk-1-czerka-stun-cuffs","Dark Normal 3-A"
"mk-1-czerka-stun-cuffs","Dark Normal 5-D"
"mk-1-czerka-stun-cuffs","Dark Normal 7-H"
"mk-1-czerka-stun-cuffs","Light Hard 2-E"
"mk-1-czerka-stun-cuffs","Light Normal 2-G"
"mk-1-chiewab-hypo-syringe-prototype","Dark Hard 3-F"
"mk-1-chiewab-hypo-syringe-prototype","Dark Normal 3-H"
"mk-1-chiewab-hypo-syringe-prototype","Dark Normal 6-J"
"mk-1-chiewab-hypo-syringe-prototype","Light Hard 2-D"
"mk-1-chiewab-hypo-syringe-prototype","Light Hard 4-D"
"mk-1-chiewab-hypo-syringe-prototype","Light Normal 2-B"
"mk-1-chiewab-hypo-syringe-prototype","Light Normal 4-G"
"mk-2-cec-fusion-furnace","Dark Hard 1-A"
"mk-2-cec-fusion-furnace","Dark Hard 2-A"
"mk-2-cec-fusion-furnace","Dark Hard 3-D"
"mk-2-cec-fusion-furnace","Dark Hard 5-D"
"mk-2-cec-fusion-furnace","Dark Normal 1-A"
"mk-2-cec-fusion-furnace","Dark Normal 2-A"
"mk-2-cec-fusion-furnace","Dark Normal 3-F"
"mk-2-cec-fusion-furnace","Dark Normal 5-H"
"mk-2-cec-fusion-furnace","Dark Normal 8-G"
"mk-2-merr-sonn-shield-generator","Dark Hard 2-F"
"mk-2-merr-sonn-shield-generator","Dark Hard 4-E"
"mk-2-merr-sonn-shield-generator","Dark Normal 2-H"
"mk-2-merr-sonn-shield-generator","Dark Normal 4-I"
"mk-2-merr-sonn-shield-generator","Dark Normal 7-F"
"mk-2-merr-sonn-shield-generator","Dark Normal 9-H"
"mk-3-blastech-weapon-mod","Light Hard 3-C"
"mk-3-blastech-weapon-mod","Light Hard 5-D"
"mk-3-blastech-weapon-mod","Light Normal 3-C"
"mk-3-blastech-weapon-mod","Light Normal 5-G"
"mk-3-blastech-weapon-mod","Light Normal 7-H"
"mk-3-blastech-weapon-mod","Light Normal 8-F"
"mk-3-baw-armor-mod","Dark Hard 1-D"
"mk-3-baw-armor-mod","Dark Hard 3-C"
"mk-3-baw-armor-mod","Dark Hard 6-C"
"mk-3-baw-armor-mod","Dark Normal 1-E"
"mk-3-baw-armor-mod","Dark Normal 5-A"
"mk-3-baw-armor-mod","Dark Normal 6-F"
"mk-3-baw-armor-mod","Dark Normal 7-C"
"mk-3-neuro-saav-electrobinoculars","Light Hard 3-E"
"mk-3-neuro-saav-electrobinoculars","Light Hard 5-A"
"mk-3-neuro-saav-electrobinoculars","Light Hard 5-D"
"mk-3-neuro-saav-electrobinoculars","Light Normal 3-G"
"mk-3-neuro-saav-electrobinoculars","Light Normal 5-B"
"mk-3-neuro-saav-electrobinoculars","Light Normal 5-H"
"mk-3-taggeco-holo-lens-prototype","Light Hard 3-F"
"mk-3-taggeco-holo-lens-prototype","Light Hard 5-B"
"mk-3-taggeco-holo-lens-prototype","Light Normal 3-I"
"mk-3-taggeco-holo-lens-prototype","Light Normal 5-C"
"mk-3-taggeco-holo-lens-prototype","Light Normal 7-A"
"mk-3-taggeco-holo-lens-prototype","Light Normal 8-E"
"mk-3-loronar-power-cell","Dark Hard 1-B"
"mk-3-loronar-power-cell","Dark Hard 3-F"
"mk-3-loronar-power-cell","Dark Hard 6-A"
"mk-3-loronar-power-cell","Dark Normal 1-B"
"mk-3-loronar-power-cell","Dark Normal 3-I"
"mk-3-loronar-power-cell","Dark Normal 6-B"
"mk-3-loronar-power-cell","Dark Normal 7-B"
"mk-2-fabritech-data-pad","Light Hard 3-B"
"mk-2-fabritech-data-pad","Light Hard 5-C"
"mk-2-fabritech-data-pad","Light Normal 3-H"
"mk-2-fabritech-data-pad","Light Normal 5-E"
"mk-2-fabritech-data-pad","Light Normal 6-F"
"mk-1-nubian-design-tech-prototype","Dark Hard 1-D"
"mk-1-nubian-design-tech-prototype","Dark Normal 1-E"
"mk-1-nubian-design-tech-prototype","Dark Normal 8-A"
"mk-1-nubian-design-tech-prototype","Light Hard 3-D"
"mk-1-nubian-design-tech-prototype","Light Hard 5-E"
"mk-1-nubian-design-tech-prototype","Light Normal 3-D"
"mk-1-nubian-design-tech-prototype","Light Normal 5-J"
"mk-2-sorosuub-keypad-prototype","Dark Hard 1-D"
"mk-2-sorosuub-keypad-prototype","Dark Hard 3-B"
"mk-2-sorosuub-keypad-prototype","Dark Normal 1-F"
"mk-2-sorosuub-keypad-prototype","Dark Normal 3-B"
"mk-2-sorosuub-keypad-prototype","Dark Normal 6-D"
"mk-2-sorosuub-keypad-prototype","Dark Normal 7-E"
"mk-2-arakyd-droid-caller","Dark Hard 3-C"
"mk-2-arakyd-droid-caller","Dark Normal 3-E"
"mk-2-arakyd-droid-caller","Dark Normal 8-C"
"mk-2-arakyd-droid-caller","Light Hard 2-D"
"mk-2-arakyd-droid-caller","Light Hard 5-C"
"mk-2-arakyd-droid-caller","Light Normal 2-H"
"mk-2-arakyd-droid-caller","Light Normal 5-F"
"mk-2-arakyd-droid-caller","Light Normal 8-C"
"mk-2-arakyd-droid-caller","Light Normal 9-A"
"mk-1-sienar-holo-projector","Light Hard 3-B"
"mk-1-sienar-holo-projector","Light Hard 5-E"
"mk-1-sienar-holo-projector","Light Normal 3-B"
"mk-1-sienar-holo-projector","Light Normal 5-A"
"mk-1-sienar-holo-projector","Light Normal 5-I"
"mk-2-chiewab-hypo-syringe","Dark Hard 2-F"
"mk-2-chiewab-hypo-syringe","Dark Hard 4-A"
"mk-2-chiewab-hypo-syringe","Dark Hard 6-D"
"mk-2-chiewab-hypo-syringe","Dark Normal 4-B"
"mk-2-chiewab-hypo-syringe","Dark Normal 6-H"
"mk-2-chiewab-hypo-syringe","Light Hard 2-F"
"mk-2-chiewab-hypo-syringe","Light Hard 4-F"
"mk-2-chiewab-hypo-syringe","Light Normal 2-I"
"mk-2-chiewab-hypo-syringe","Light Normal 4-K"
"mk-2-chiewab-hypo-syringe","Light Normal 7-C"
"mk-2-chiewab-hypo-syringe","Light Normal 9-F"
"mk-3-biotech-implant","Dark Hard 1-C"
"mk-3-biotech-implant","Dark Hard 2-D"
"mk-3-biotech-implant","Dark Hard 4-A"
"mk-3-biotech-implant","Dark Normal 1-D"
"mk-3-biotech-implant","Dark Normal 2-F"
"mk-3-biotech-implant","Dark Normal 4-A"
"mk-3-biotech-implant","Dark Normal 8-F"
"mk-3-biotech-implant","Dark Normal 9-E"
"mk-3-biotech-implant","Light Hard 3-D"
"mk-3-biotech-implant","Light Hard 4-F"
"mk-3-biotech-implant","Light Normal 3-F"
"mk-3-biotech-implant","Light Normal 4-K"
"mk-3-biotech-implant","Light Normal 6-G"
"mk-3-biotech-implant","Light Normal 9-E"
"mk-4-blastech-weapon-mod-prototype","Dark Hard 2-E"
"mk-4-blastech-weapon-mod-prototype","Dark Hard 5-E"
"mk-4-blastech-weapon-mod-prototype","Dark Normal 2-H"
"mk-4-blastech-weapon-mod-prototype","Dark Normal 5-J"
"mk-4-blastech-weapon-mod-prototype","Dark Normal 7-G"
"mk-4-blastech-weapon-mod-prototype","Dark Normal 9-A"
"mk-4-blastech-weapon-mod-prototype","Dark Normal 9-B"
"mk-4-blastech-weapon-mod-prototype","Light Hard 4-C"
"mk-4-blastech-weapon-mod-prototype","Light Normal 4-E"
"mk-4-loronar-power-cell-prototype","Dark Hard 2-C"
"mk-4-loronar-power-cell-prototype","Dark Hard 6-E"
"mk-4-loronar-power-cell-prototype","Dark Normal 2-C"
"mk-4-loronar-power-cell-prototype","Dark Normal 5-F"
"mk-4-loronar-power-cell-prototype","Dark Normal 6-J"
"mk-4-loronar-power-cell-prototype","Dark Normal 8-B"
"mk-4-loronar-power-cell-prototype","Dark Normal 9-D"
"mk-4-biotech-implant-prototype","Dark Hard 2-E"
"mk-4-biotech-implant-prototype","Dark Hard 4-C"
"mk-4-biotech-implant-prototype","Dark Normal 2-E"
"mk-4-biotech-implant-prototype","Dark Normal 4-E"
"mk-4-biotech-implant-prototype","Dark Normal 8-H"
"mk-4-biotech-implant-prototype","Dark Normal 9-C"
"mk-4-biotech-implant-prototype","Light Hard 4-D"
"mk-4-biotech-implant-prototype","Light Normal 4-H"
"mk-4-biotech-implant-prototype","Light Normal 6-B"
"mk-4-biotech-implant-prototype","Light Normal 8-D"
"mk-4-biotech-implant-prototype","Light Normal 9-D"
"mk-5-blastech-weapon-mod-prototype","Dark Hard 2-B"
"mk-5-blastech-weapon-mod-prototype","Dark Hard 5-B"
"mk-5-blastech-weapon-mod-prototype","Dark Normal 2-B"
"mk-5-blastech-weapon-mod-prototype","Dark Normal 5-C"
"mk-5-blastech-weapon-mod-prototype","Dark Normal 7-A"
"mk-5-blastech-weapon-mod-prototype","Dark Normal 9-F"
"mk-5-blastech-weapon-mod-prototype","Light Hard 4-E"
"mk-5-blastech-weapon-mod-prototype","Light Normal 4-J"
"mk-4-baw-armor-mod-salvage","Dark Hard 2-C"
"mk-4-baw-armor-mod-salvage","Dark Hard 3-E"
"mk-4-baw-armor-mod-salvage","Dark Hard 5-A"
"mk-4-baw-armor-mod-salvage","Dark Hard 7-D"
"mk-4-baw-armor-mod-salvage","Dark Hard 8-B"
"mk-4-baw-armor-mod-salvage","Dark Normal 2-C"
"mk-4-baw-armor-mod-salvage","Dark Normal 3-F"
"mk-4-baw-armor-mod-salvage","Dark Normal 7-G"
"mk-4-baw-armor-mod-salvage","Dark Normal 8-D"
"mk-4-baw-armor-mod-salvage","Dark Normal 9-A"
"mk-4-baw-armor-mod-salvage","Light Hard 3-A"
"mk-4-baw-armor-mod-salvage","Light Hard 6-C"
"mk-4-baw-armor-mod-salvage","Light Normal 3-A"
"mk-4-baw-armor-mod-salvage","Light Normal 6-F"
"mk-4-baw-armor-mod-salvage","STR Gear Challenge (sun, mon, thu)"
"mk-5-neuro-saav-electrobinoculars-salvage","AGI Gear Challenge (sun, tue, fri)"
"mk-5-neuro-saav-electrobinoculars-salvage","Light Hard 4-D"
"mk-5-neuro-saav-electrobinoculars-salvage","Light Hard 5-A"
"mk-5-neuro-saav-electrobinoculars-salvage","Light Hard 6-E"
"mk-5-neuro-saav-electrobinoculars-salvage","Light Normal 4-G"
"mk-5-neuro-saav-electrobinoculars-salvage","Light Normal 5-B"
"mk-5-neuro-saav-electrobinoculars-salvage","Light Normal 6-I"
"mk-4-taggeco-holo-lens-salvage","Light Hard 4-B"
"mk-4-taggeco-holo-lens-salvage","Light Hard 5-F"
"mk-4-taggeco-holo-lens-salvage","Light Hard 7-B"
"mk-4-taggeco-holo-lens-salvage","Light Hard 8-B"
"mk-4-taggeco-holo-lens-salvage","Light Normal 4-C"
"mk-4-taggeco-holo-lens-salvage","Light Normal 5-L"
"mk-4-taggeco-holo-lens-salvage","Light Normal 7-C"
"mk-4-taggeco-holo-lens-salvage","Light Normal 8-D"
"mk-3-arakyd-droid-caller-salvage","AGI Gear Challenge (sun, tue, fri)"
"mk-3-arakyd-droid-caller-salvage","Dark Hard 2-E"
"mk-3-arakyd-droid-caller-salvage","Dark Hard 5-B"
"mk-3-arakyd-droid-caller-salvage","Dark Hard 7-B"
"mk-3-arakyd-droid-caller-salvage","Dark Hard 8-C"
"mk-3-arakyd-droid-caller-salvage","Dark Normal 2-G"
"mk-3-arakyd-droid-caller-salvage","Dark Normal 5-H"
"mk-3-arakyd-droid-caller-salvage","Dark Normal 7-D"
"mk-3-arakyd-droid-caller-salvage","Dark Normal 8-E"
"mk-3-arakyd-droid-caller-salvage","Dark Normal 9-B"
"mk-3-arakyd-droid-caller-salvage","Light Hard 4-F"
"mk-3-arakyd-droid-caller-salvage","Light Normal 4-L"
"mk-5-loronar-power-cell-salvage","Dark Hard 2-D"
"mk-5-loronar-power-cell-salvage","Dark Hard 5-C"
"mk-5-loronar-power-cell-salvage","Dark Hard 8-C"
"mk-5-loronar-power-cell-salvage","Dark Normal 2-E"
"mk-5-loronar-power-cell-salvage","Dark Normal 4-B"
"mk-5-loronar-power-cell-salvage","Dark Normal 8-F"
"mk-5-loronar-power-cell-salvage","Light Hard 4-C"
"mk-5-loronar-power-cell-salvage","Light Hard 5-D"
"mk-5-loronar-power-cell-salvage","Light Hard 7-D"
"mk-5-loronar-power-cell-salvage","Light Normal 4-F"
"mk-5-loronar-power-cell-salvage","Light Normal 5-G"
"mk-5-loronar-power-cell-salvage","Light Normal 7-H"
"mk-5-loronar-power-cell-salvage","TAC Gear Challenge (sun, wed, sat)"
"mk-4-fabritech-data-pad-prototype","Dark Hard 2-D"
"mk-4-fabritech-data-pad-prototype","Dark Hard 5-A"
"mk-4-fabritech-data-pad-prototype","Dark Normal 2-F"
"mk-4-fabritech-data-pad-prototype","Dark Normal 3-D"
"mk-4-fabritech-data-pad-prototype","Dark Normal 5-B"
"mk-4-fabritech-data-pad-prototype","Light Hard 4-B"
"mk-4-fabritech-data-pad-prototype","Light Normal 4-D"
"mk-4-fabritech-data-pad-prototype","Light Normal 7-F"
"mk-4-fabritech-data-pad-prototype","Light Normal 9-H"
"mk-5-biotech-implant-prototype","Dark Hard 1-C"
"mk-5-biotech-implant-prototype","Dark Hard 5-F"
"mk-5-biotech-implant-prototype","Dark Normal 1-C"
"mk-5-biotech-implant-prototype","Dark Normal 5-K"
"mk-5-biotech-implant-prototype","Dark Normal 7-D"
"mk-5-biotech-implant-prototype","Dark Normal 9-G"
"mk-1-athakam-medpac-salvage","Light Hard 3-E"
"mk-1-athakam-medpac-salvage","Light Hard 6-B"
"mk-1-athakam-medpac-salvage","Light Hard 8-A"
"mk-1-athakam-medpac-salvage","Light Normal 3-F"
"mk-1-athakam-medpac-salvage","Light Normal 6-C"
"mk-1-athakam-medpac-salvage","Light Normal 8-A"
"mk-1-athakam-medpac-salvage","TAC Gear Challenge (sun, wed, sat)"
"mk-1-chedak-comlink-salvage","Dark Hard 2-F"
"mk-1-chedak-comlink-salvage","Dark Hard 6-E"
"mk-1-chedak-comlink-salvage","Dark Hard 7-D"
"mk-1-chedak-comlink-salvage","Dark Normal 2-I"
"mk-1-chedak-comlink-salvage","Dark Normal 6-I"
"mk-1-chedak-comlink-salvage","Dark Normal 7-H"
"mk-1-chedak-comlink-salvage","Dark Normal 9-D"
"mk-6-blastech-weapon-mod-prototype","Dark Hard 5-C"
"mk-6-blastech-weapon-mod-prototype","Dark Normal 5-E"
"mk-6-blastech-weapon-mod-prototype","Light Hard 5-B"
"mk-6-blastech-weapon-mod-prototype","Light Normal 5-D"
"mk-6-blastech-weapon-mod-prototype","Light Normal 6-A"
"mk-6-blastech-weapon-mod-prototype","Light Normal 9-G"
"mk-5-baw-armor-mod-salvage","Light Hard 4-E"
"mk-5-baw-armor-mod-salvage","Light Hard 5-A"
"mk-5-baw-armor-mod-salvage","Light Hard 6-D"
"mk-5-baw-armor-mod-salvage","Light Normal 4-I"
"mk-5-baw-armor-mod-salvage","Light Normal 5-A"
"mk-5-baw-armor-mod-salvage","Light Normal 6-H"
"mk-5-taggeco-holo-lens-prototype-salvage","Dark Hard 3-E"
"mk-5-taggeco-holo-lens-prototype-salvage","Dark Hard 5-D"
"mk-5-taggeco-holo-lens-prototype-salvage","Dark Hard 7-A"
"mk-5-taggeco-holo-lens-prototype-salvage","Dark Hard 8-D"
"mk-5-taggeco-holo-lens-prototype-salvage","Dark Normal 3-G"
"mk-5-taggeco-holo-lens-prototype-salvage","Dark Normal 5-G"
"mk-5-taggeco-holo-lens-prototype-salvage","Dark Normal 7-B"
"mk-5-taggeco-holo-lens-prototype-salvage","Dark Normal 8-G"
"mk-5-taggeco-holo-lens-prototype-salvage","Dark Normal 9-B"
"mk-5-taggeco-holo-lens-prototype-salvage","Dark Normal 9-H"
"mk-4-nubian-security-scanner-prototype-salvage","Dark Hard 3-C"
"mk-4-nubian-security-scanner-prototype-salvage","Dark Hard 4-D"
"mk-4-nubian-security-scanner-prototype-salvage","Dark Normal 3-C"
"mk-4-nubian-security-scanner-prototype-salvage","Dark Normal 4-G"
"mk-4-nubian-security-scanner-prototype-salvage","Light Hard 7-B"
"mk-4-nubian-security-scanner-prototype-salvage","Light Hard 8-B"
"mk-4-nubian-security-scanner-prototype-salvage","Light Hard 9-B"
"mk-4-nubian-security-scanner-prototype-salvage","Light Normal 7-D"
"mk-4-nubian-security-scanner-prototype-salvage","Light Normal 8-C"
"mk-4-nubian-security-scanner-prototype-salvage","Light Normal 9-G"
"mk-4-nubian-security-scanner-prototype-salvage","Light Normal 9-H"
"mk-6-loronar-power-cell-salvage","Dark Hard 2-B"
"mk-6-loronar-power-cell-salvage","Dark Hard 6-D"
"mk-6-loronar-power-cell-salvage","Dark Hard 8-A"
"mk-6-loronar-power-cell-salvage","Dark Normal 2-A"
"mk-6-loronar-power-cell-salvage","Dark Normal 6-G"
"mk-6-loronar-power-cell-salvage","Dark Normal 8-A"
"mk-6-loronar-power-cell-salvage","Dark Normal 9-C"
"mk-5-fabritech-data-pad","Light Hard 5-F"
"mk-5-fabritech-data-pad","Light Normal 5-K"
"mk-5-fabritech-data-pad","Light Normal 6-C"
"mk-5-fabritech-data-pad","Light Normal 7-B"
"mk-5-fabritech-data-pad","Light Normal 8-A"
"mk-5-fabritech-data-pad","Light Normal 9-B"
"mk-3-chiewab-hypo-syringe-prototype-salvage","Dark Hard 3-F"
"mk-3-chiewab-hypo-syringe-prototype-salvage","Dark Hard 5-A"
"mk-3-chiewab-hypo-syringe-prototype-salvage","Dark Hard 7-C"
"mk-3-chiewab-hypo-syringe-prototype-salvage","Dark Normal 3-I"
"mk-3-chiewab-hypo-syringe-prototype-salvage","Dark Normal 5-B"
"mk-3-chiewab-hypo-syringe-prototype-salvage","Dark Normal 7-E"
"mk-3-chiewab-hypo-syringe-prototype-salvage","Dark Normal 9-F"
"mk-3-chiewab-hypo-syringe-prototype-salvage","Light Hard 7-D"
"mk-3-chiewab-hypo-syringe-prototype-salvage","Light Normal 7-G"
"mk-3-chiewab-hypo-syringe-prototype-salvage","Light Normal 9-B"
"mk-2-chedak-comlink-prototype","Dark Hard 2-A"
"mk-2-chedak-comlink-prototype","Dark Hard 5-F"
"mk-2-chedak-comlink-prototype","Dark Normal 2-D"
"mk-2-chedak-comlink-prototype","Dark Normal 5-L"
"mk-2-chedak-comlink-prototype","Light Hard 4-A"
"mk-2-chedak-comlink-prototype","Light Normal 4-B"
"mk-2-chedak-comlink-prototype","Light Normal 7-E"
"mk-2-chedak-comlink-prototype","Light Normal 9-C"
"mk-1-carbanti-sensor-array-prototype-salvage","Dark Hard 3-D"
"mk-1-carbanti-sensor-array-prototype-salvage","Dark Hard 4-A"
"mk-1-carbanti-sensor-array-prototype-salvage","Dark Hard 4-E"
"mk-1-carbanti-sensor-array-prototype-salvage","Dark Hard 5-D"
"mk-1-carbanti-sensor-array-prototype-salvage","Dark Hard 5-E"
"mk-1-carbanti-sensor-array-prototype-salvage","Dark Hard 6-A"
"mk-1-carbanti-sensor-array-prototype-salvage","Dark Hard 8-B"
"mk-1-carbanti-sensor-array-prototype-salvage","Dark Normal 3-D"
"mk-1-carbanti-sensor-array-prototype-salvage","Dark Normal 4-I"
"mk-1-carbanti-sensor-array-prototype-salvage","Dark Normal 6-A"
"mk-1-carbanti-sensor-array-prototype-salvage","Dark Normal 8-C"
"mk-1-carbanti-sensor-array-prototype-salvage","Dark Normal 9-A"
"mk-1-carbanti-sensor-array-prototype-salvage","Dark Normal 9-G"
"mk-1-carbanti-sensor-array-prototype-salvage","Light Hard 5-A"
"mk-1-carbanti-sensor-array-prototype-salvage","Light Hard 5-C"
"mk-1-carbanti-sensor-array-prototype-salvage","Light Hard 6-B"
"mk-1-carbanti-sensor-array-prototype-salvage","Light Hard 8-C"
"mk-1-carbanti-sensor-array-prototype-salvage","Light Normal 5-E"
"mk-1-carbanti-sensor-array-prototype-salvage","Light Normal 6-D"
"mk-1-carbanti-sensor-array-prototype-salvage","Light Normal 9-C"
"mk-3-merr-sonn-thermal-detonator-prototype-salvage","Dark Hard 3-A"
"mk-3-merr-sonn-thermal-detonator-prototype-salvage","Dark Hard 4-D"
"mk-3-merr-sonn-thermal-detonator-prototype-salvage","Dark Hard 5-C"
"mk-3-merr-sonn-thermal-detonator-prototype-salvage","Dark Hard 6-D"
"mk-3-merr-sonn-thermal-detonator-prototype-salvage","Dark Normal 3-A"
"mk-3-merr-sonn-thermal-detonator-prototype-salvage","Dark Normal 4-H"
"mk-3-merr-sonn-thermal-detonator-prototype-salvage","Dark Normal 5-E"
"mk-3-merr-sonn-thermal-detonator-prototype-salvage","Dark Normal 6-H"
"mk-3-merr-sonn-thermal-detonator-prototype-salvage","Light Hard 7-C"
"mk-3-merr-sonn-thermal-detonator-prototype-salvage","Light Normal 7-F"
"mk-3-merr-sonn-thermal-detonator-prototype-salvage","Light Normal 9-D"
"mk-7-blastech-weapon-mod-prototype-salvage","Dark Hard 4-C"
"mk-7-blastech-weapon-mod-prototype-salvage","Dark Hard 5-B"
"mk-7-blastech-weapon-mod-prototype-salvage","Dark Hard 7-C"
"mk-7-blastech-weapon-mod-prototype-salvage","Dark Normal 4-E"
"mk-7-blastech-weapon-mod-prototype-salvage","Dark Normal 5-C"
"mk-7-blastech-weapon-mod-prototype-salvage","Dark Normal 7-F"
"mk-7-blastech-weapon-mod-prototype-salvage","Dark Normal 9-C"
"mk-7-blastech-weapon-mod-prototype-salvage","Light Hard 8-D"
"mk-7-blastech-weapon-mod-prototype-salvage","Light Hard 9-A"
"mk-7-blastech-weapon-mod-prototype-salvage","Light Normal 8-G"
"mk-7-blastech-weapon-mod-prototype-salvage","Light Normal 9-E"
"mk-6-taggeco-holo-lens-prototype-salvage","Dark Hard 4-B"
"mk-6-taggeco-holo-lens-prototype-salvage","Dark Hard 4-F"
"mk-6-taggeco-holo-lens-prototype-salvage","Dark Hard 6-A"
"mk-6-taggeco-holo-lens-prototype-salvage","Dark Hard 9-B"
"mk-6-taggeco-holo-lens-prototype-salvage","Dark Normal 4-C"
"mk-6-taggeco-holo-lens-prototype-salvage","Dark Normal 4-L"
"mk-6-taggeco-holo-lens-prototype-salvage","Dark Normal 6-B"
"mk-6-taggeco-holo-lens-prototype-salvage","Light Hard 7-C"
"mk-6-taggeco-holo-lens-prototype-salvage","Light Normal 7-E"
"mk-6-taggeco-holo-lens-prototype-salvage","Light Normal 9-A"
"mk-6-fabritech-data-pad-salvage","Dark Hard 3-B"
"mk-6-fabritech-data-pad-salvage","Dark Hard 4-B"
"mk-6-fabritech-data-pad-salvage","Dark Hard 6-C"
"mk-6-fabritech-data-pad-salvage","Dark Normal 3-B"
"mk-6-fabritech-data-pad-salvage","Dark Normal 4-D"
"mk-6-fabritech-data-pad-salvage","Dark Normal 6-E"
"mk-6-fabritech-data-pad-salvage","Dark Normal 9-E"
"mk-6-fabritech-data-pad-salvage","Light Hard 6-A"
"mk-6-fabritech-data-pad-salvage","Light Normal 6-A"
"mk-6-fabritech-data-pad-salvage","Light Normal 9-A"
"mk-2-sienar-holo-projector-prototype-salvage","Dark Hard 3-F"
"mk-2-sienar-holo-projector-prototype-salvage","Dark Hard 7-A"
"mk-2-sienar-holo-projector-prototype-salvage","Dark Normal 3-H"
"mk-2-sienar-holo-projector-prototype-salvage","Dark Normal 7-A"
"mk-2-sienar-holo-projector-prototype-salvage","Dark Normal 9-D"
"mk-2-sienar-holo-projector-prototype-salvage","Light Hard 4-A"
"mk-2-sienar-holo-projector-prototype-salvage","Light Hard 6-C"
"mk-2-sienar-holo-projector-prototype-salvage","Light Normal 4-A"
"mk-2-sienar-holo-projector-prototype-salvage","Light Normal 6-E"
"mk-2-sienar-holo-projector-prototype-salvage","Light Normal 9-F"
"mk-1-zaltin-bacta-gel-prototype-salvage","Dark Hard 4-A"
"mk-1-zaltin-bacta-gel-prototype-salvage","Dark Hard 5-E"
"mk-1-zaltin-bacta-gel-prototype-salvage","Dark Hard 6-C"
"mk-1-zaltin-bacta-gel-prototype-salvage","Dark Hard 7-B"
"mk-1-zaltin-bacta-gel-prototype-salvage","Dark Hard 9-C"
"mk-1-zaltin-bacta-gel-prototype-salvage","Dark Normal 4-A"
"mk-1-zaltin-bacta-gel-prototype-salvage","Dark Normal 5-I"
"mk-1-zaltin-bacta-gel-prototype-salvage","Dark Normal 6-E"
"mk-1-zaltin-bacta-gel-prototype-salvage","Dark Normal 7-C"
"mk-1-zaltin-bacta-gel-prototype-salvage","Dark Normal 9-F"
"mk-4-merr-sonn-thermal-detonator-prototype-salvage","Dark Hard 4-F"
"mk-4-merr-sonn-thermal-detonator-prototype-salvage","Dark Hard 6-B"
"mk-4-merr-sonn-thermal-detonator-prototype-salvage","Dark Hard 8-D"
"mk-4-merr-sonn-thermal-detonator-prototype-salvage","Dark Hard 9-D"
"mk-4-merr-sonn-thermal-detonator-prototype-salvage","Dark Normal 4-K"
"mk-4-merr-sonn-thermal-detonator-prototype-salvage","Dark Normal 5-J"
"mk-4-merr-sonn-thermal-detonator-prototype-salvage","Dark Normal 8-H"
"mk-4-merr-sonn-thermal-detonator-prototype-salvage","Dark Normal 9-H"
"mk-4-merr-sonn-thermal-detonator-prototype-salvage","Light Hard 5-E"
"mk-4-merr-sonn-thermal-detonator-prototype-salvage","Light Hard 6-E"
"mk-4-merr-sonn-thermal-detonator-prototype-salvage","Light Hard 8-C"
"mk-4-merr-sonn-thermal-detonator-prototype-salvage","Light Hard 9-D"
"mk-4-merr-sonn-thermal-detonator-prototype-salvage","Light Normal 5-J"
"mk-4-merr-sonn-thermal-detonator-prototype-salvage","Light Normal 6-J"
"mk-4-merr-sonn-thermal-detonator-prototype-salvage","Light Normal 8-F"
"mk-4-merr-sonn-thermal-detonator-prototype-salvage","Light Normal 9-D"
"mk-7-baw-armor-mod-prototype-salvage","Dark Hard 4-C"
"mk-7-baw-armor-mod-prototype-salvage","Dark Hard 4-E"
"mk-7-baw-armor-mod-prototype-salvage","Dark Hard 8-A"
"mk-7-baw-armor-mod-prototype-salvage","Dark Hard 9-A"
"mk-7-baw-armor-mod-prototype-salvage","Dark Normal 4-F"
"mk-7-baw-armor-mod-prototype-salvage","Dark Normal 4-J"
"mk-7-baw-armor-mod-prototype-salvage","Dark Normal 8-B"
"mk-7-baw-armor-mod-prototype-salvage","Dark Normal 9-E"
"mk-7-baw-armor-mod-prototype-salvage","Light Hard 5-E"
"mk-7-baw-armor-mod-prototype-salvage","Light Hard 7-A"
"mk-7-baw-armor-mod-prototype-salvage","Light Normal 5-I"
"mk-7-baw-armor-mod-prototype-salvage","Light Normal 7-B"
"mk-6-neuro-saav-electrobinoculars-prototype-salvage","Dark Hard 6-B"
"mk-6-neuro-saav-electrobinoculars-prototype-salvage","Dark Normal 6-C"
"mk-6-neuro-saav-electrobinoculars-prototype-salvage","Dark Normal 9-G"
"mk-6-neuro-saav-electrobinoculars-prototype-salvage","Light Hard 5-B"
"mk-6-neuro-saav-electrobinoculars-prototype-salvage","Light Hard 6-D"
"mk-6-neuro-saav-electrobinoculars-prototype-salvage","Light Hard 8-A"
"mk-6-neuro-saav-electrobinoculars-prototype-salvage","Light Hard 9-C"
"mk-6-neuro-saav-electrobinoculars-prototype-salvage","Light Normal 5-D"
"mk-6-neuro-saav-electrobinoculars-prototype-salvage","Light Normal 6-G"
"mk-6-neuro-saav-electrobinoculars-prototype-salvage","Light Normal 8-B"
"mk-6-neuro-saav-electrobinoculars-prototype-salvage","Light Normal 9-C"
"mk-5-nubian-security-scanner-prototype-salvage","Dark Hard 5-A"
"mk-5-nubian-security-scanner-prototype-salvage","Dark Hard 6-A"
"mk-5-nubian-security-scanner-prototype-salvage","Dark Hard 6-E"
"mk-5-nubian-security-scanner-prototype-salvage","Dark Hard 9-B"
"mk-5-nubian-security-scanner-prototype-salvage","Dark Normal 5-A"
"mk-5-nubian-security-scanner-prototype-salvage","Dark Normal 6-A"
"mk-5-nubian-security-scanner-prototype-salvage","Dark Normal 6-I"
"mk-5-nubian-design-tech-prototype-salvage","Dark Hard 5-C"
"mk-5-nubian-design-tech-prototype-salvage","Dark Hard 8-D"
"mk-5-nubian-design-tech-prototype-salvage","Dark Hard 9-D"
"mk-5-nubian-design-tech-prototype-salvage","Dark Normal 5-F"
"mk-5-nubian-design-tech-prototype-salvage","Dark Normal 8-G"
"mk-5-nubian-design-tech-prototype-salvage","Light Hard 6-B"
"mk-5-nubian-design-tech-prototype-salvage","Light Normal 6-C"
"mk-4-sorosuub-keypad-salvage","Dark Hard 6-B"
"mk-4-sorosuub-keypad-salvage","Dark Normal 6-C"
"mk-4-sorosuub-keypad-salvage","Light Hard 5-C"
"mk-4-sorosuub-keypad-salvage","Light Hard 6-E"
"mk-4-sorosuub-keypad-salvage","Light Hard 8-D"
"mk-4-sorosuub-keypad-salvage","Light Hard 9-A"
"mk-4-sorosuub-keypad-salvage","Light Normal 5-F"
"mk-4-sorosuub-keypad-salvage","Light Normal 6-J"
"mk-4-sorosuub-keypad-salvage","Light Normal 8-H"
"mk-4-sorosuub-keypad-salvage","Light Normal 9-E"
"mk-4-sorosuub-keypad-salvage","STR Gear Challenge (sun, mon, thu)"
"mk-4-arakyd-droid-caller-salvage","Dark Hard 5-F"
"mk-4-arakyd-droid-caller-salvage","Dark Hard 7-D"
"mk-4-arakyd-droid-caller-salvage","Dark Hard 9-A"
"mk-4-arakyd-droid-caller-salvage","Dark Normal 5-K"
"mk-4-arakyd-droid-caller-salvage","Dark Normal 7-G"
"mk-4-arakyd-droid-caller-salvage","Light Hard 6-D"
"mk-4-arakyd-droid-caller-salvage","Light Hard 7-D"
"mk-4-arakyd-droid-caller-salvage","Light Normal 6-H"
"mk-4-arakyd-droid-caller-salvage","Light Normal 7-H"
"mk-4-arakyd-droid-caller-salvage","Light Normal 9-H"
"mk-4-arakyd-droid-caller-salvage","STR Gear Challenge (sun, mon, thu)"
"mk-4-chiewab-hypo-syringe-prototype-salvage","Dark Hard 3-D"
"mk-4-chiewab-hypo-syringe-prototype-salvage","Dark Normal 3-E"
"mk-4-chiewab-hypo-syringe-prototype-salvage","Light Hard 6-A"
"mk-4-chiewab-hypo-syringe-prototype-salvage","Light Hard 7-A"
"mk-4-chiewab-hypo-syringe-prototype-salvage","Light Normal 6-B"
"mk-4-chiewab-hypo-syringe-prototype-salvage","Light Normal 7-A"
"mk-4-chiewab-hypo-syringe-prototype-salvage","Light Normal 9-B"
"mk-6-biotech-implant-prototype-salvage","Dark Hard 5-F"
"mk-6-biotech-implant-prototype-salvage","Dark Normal 5-L"
"mk-6-biotech-implant-prototype-salvage","Light Hard 6-D"
"mk-6-biotech-implant-prototype-salvage","Light Normal 6-G"
"mk-4-akt-stun-gun-salvage","Dark Hard 6-C"
"mk-4-akt-stun-gun-salvage","Dark Normal 6-F"
"mk-4-akt-stun-gun-salvage","Light Hard 5-B"
"mk-4-akt-stun-gun-salvage","Light Hard 6-C"
"mk-4-akt-stun-gun-salvage","Light Normal 5-C"
"mk-4-akt-stun-gun-salvage","Light Normal 6-E"
"mk-4-akt-stun-gun-salvage","TAC Gear Challenge (sun, wed, sat)"
"mk-4-cec-fusion-furnace-prototype-salvage","Dark Hard 5-B"
"mk-4-cec-fusion-furnace-prototype-salvage","Dark Hard 7-B"
"mk-4-cec-fusion-furnace-prototype-salvage","Dark Hard 9-C"
"mk-4-cec-fusion-furnace-prototype-salvage","Dark Normal 5-D"
"mk-4-cec-fusion-furnace-prototype-salvage","Dark Normal 7-D"
"mk-4-cec-fusion-furnace-prototype-salvage","Light Hard 8-A"
"mk-4-cec-fusion-furnace-prototype-salvage","Light Normal 8-B"
"mk-8-blastech-weapon-mod-prototype-salvage","Light Hard 5-D"
"mk-8-blastech-weapon-mod-prototype-salvage","Light Hard 7-C"
"mk-8-blastech-weapon-mod-prototype-salvage","Light Hard 8-A"
"mk-8-blastech-weapon-mod-prototype-salvage","Light Hard 9-B"
"mk-8-blastech-weapon-mod-prototype-salvage","Light Normal 5-H"
"mk-8-blastech-weapon-mod-prototype-salvage","Light Normal 7-F"
"mk-8-blastech-weapon-mod-prototype-salvage","Light Normal 8-A"
"mk-6-nubian-security-scanner-prototype-salvage","Light Hard 6-A"
"mk-6-nubian-security-scanner-prototype-salvage","Light Hard 8-B"
"mk-6-nubian-security-scanner-prototype-salvage","Light Hard 9-C"
"mk-6-nubian-security-scanner-prototype-salvage","Light Normal 6-B"
"mk-6-nubian-security-scanner-prototype-salvage","Light Normal 8-C"
"mk-5-sorosuub-keypad-salvage","AGI Gear Challenge (sun, tue, fri)"
"mk-5-sorosuub-keypad-salvage","Light Hard 5-F"
"mk-5-sorosuub-keypad-salvage","Light Hard 6-E"
"mk-5-sorosuub-keypad-salvage","Light Hard 7-A"
"mk-5-sorosuub-keypad-salvage","Light Normal 5-K"
"mk-5-sorosuub-keypad-salvage","Light Normal 6-I"
"mk-5-sorosuub-keypad-salvage","Light Normal 7-B"
"mk-5-sorosuub-keypad-salvage","Light Normal 9-G"
"mk-3-sienar-holo-projector-salvage","Dark Hard 8-D"
"mk-3-sienar-holo-projector-salvage","Dark Normal 8-H"
"mk-3-sienar-holo-projector-salvage","Light Hard 6-A"
"mk-3-sienar-holo-projector-salvage","Light Hard 7-A"
"mk-3-sienar-holo-projector-salvage","Light Normal 6-A"
"mk-3-sienar-holo-projector-salvage","Light Normal 7-A"
"mk-3-sienar-holo-projector-salvage","Light Normal 9-F"
"mk-2-zaltin-bacta-gel-prototype-salvage","Dark Hard 6-B"
"mk-2-zaltin-bacta-gel-prototype-salvage","Dark Normal 6-D"
"mk-2-zaltin-bacta-gel-prototype-salvage","Light Hard 6-B"
"mk-2-zaltin-bacta-gel-prototype-salvage","Light Hard 8-B"
"mk-2-zaltin-bacta-gel-prototype-salvage","Light Hard 9-D"
"mk-2-zaltin-bacta-gel-prototype-salvage","Light Normal 6-D"
"mk-2-zaltin-bacta-gel-prototype-salvage","Light Normal 8-D"
"mk-5-chiewab-hypo-syringe-prototype-salvage","Dark Hard 7-D"
"mk-5-chiewab-hypo-syringe-prototype-salvage","Dark Normal 7-H"
"mk-5-chiewab-hypo-syringe-prototype-salvage","Light Hard 6-C"
"mk-5-chiewab-hypo-syringe-prototype-salvage","Light Normal 6-F"
"mk-3-chedak-comlink-prototype-salvage","Dark Hard 6-E"
"mk-3-chedak-comlink-prototype-salvage","Dark Hard 8-A"
"mk-3-chedak-comlink-prototype-salvage","Dark Normal 6-J"
"mk-3-chedak-comlink-prototype-salvage","Dark Normal 8-A"
"mk-3-carbanti-sensor-array-salvage","Dark Hard 6-D"
"mk-3-carbanti-sensor-array-salvage","Dark Normal 6-G"
"mk-3-carbanti-sensor-array-salvage","Light Hard 7-D"
"mk-3-carbanti-sensor-array-salvage","Light Hard 8-C"
"mk-3-carbanti-sensor-array-salvage","Light Normal 7-G"
"mk-3-carbanti-sensor-array-salvage","Light Normal 8-F"
"mk-3-carbanti-sensor-array-salvage","STR Gear Challenge (sun, mon, thu)"
"mk-3-czerka-stun-cuffs-salvage","Dark Hard 8-B"
"mk-3-czerka-stun-cuffs-salvage","Dark Normal 8-C"
"mk-3-czerka-stun-cuffs-salvage","Light Hard 7-B"
"mk-3-czerka-stun-cuffs-salvage","Light Hard 8-D"
"mk-3-czerka-stun-cuffs-salvage","Light Normal 7-D"
"mk-3-czerka-stun-cuffs-salvage","Light Normal 8-G"
"mk-6-chiewab-hypo-syringe-salvage","AGI Gear Challenge (sun, tue, fri)"
"mk-6-chiewab-hypo-syringe-salvage","Light Hard 7-C"
"mk-6-chiewab-hypo-syringe-salvage","Light Hard 8-C"
"mk-6-chiewab-hypo-syringe-salvage","Light Normal 7-E"
"mk-6-chiewab-hypo-syringe-salvage","Light Normal 8-E"
"mk-7-biotech-implant-prototype-salvage","Dark Hard 7-A"
"mk-7-biotech-implant-prototype-salvage","Dark Normal 7-A"
"mk-7-biotech-implant-prototype-salvage","Light Hard 7-B"
"mk-7-biotech-implant-prototype-salvage","Light Normal 7-C"
"mk-4-chedak-comlink-prototype-salvage","Dark Hard 7-A"
"mk-4-chedak-comlink-prototype-salvage","Dark Hard 8-B"
"mk-4-chedak-comlink-prototype-salvage","Dark Normal 7-B"
"mk-4-chedak-comlink-prototype-salvage","Dark Normal 8-D"
"mk-5-akt-stun-gun-prototype-salvage","Dark Hard 7-C"
"mk-5-akt-stun-gun-prototype-salvage","Dark Hard 8-A"
"mk-5-akt-stun-gun-prototype-salvage","Dark Normal 7-E"
"mk-5-akt-stun-gun-prototype-salvage","Dark Normal 8-B"
"mk-4-carbanti-sensor-array-prototype-salvage","Dark Hard 7-B"
"mk-4-carbanti-sensor-array-prototype-salvage","Dark Hard 8-C"
"mk-4-carbanti-sensor-array-prototype-salvage","Dark Normal 7-C"
"mk-4-carbanti-sensor-array-prototype-salvage","Dark Normal 8-E"
"mk-5-merr-sonn-thermal-detonator-prototype-salvage","Dark Hard 7-C"
"mk-5-merr-sonn-thermal-detonator-prototype-salvage","Dark Hard 8-C"
"mk-5-merr-sonn-thermal-detonator-prototype-salvage","Dark Normal 7-F"
"mk-5-merr-sonn-thermal-detonator-prototype-salvage","Dark Normal 8-F"
"mk-5-merr-sonn-thermal-detonator-prototype-salvage","Light Hard 9-D"
"mk-8-neuro-saav-electrobinoculars-component","Dark Hard 9-A"
"mk-8-neuro-saav-electrobinoculars-component","Dark Normal 9-B"
"mk-8-neuro-saav-electrobinoculars-salvage","Light Hard 9-B"
"mk-8-neuro-saav-electrobinoculars-salvage","Light Normal 9-D"
"mk-8-neuro-saav-electrobinoculars-salvage","TAC Gear Challenge (sun, wed, sat)"
"mk-8-biotech-implant-component","Dark Hard 9-C"
"mk-8-biotech-implant-component","Dark Normal 9-E"
"mk-8-biotech-implant-salvage","Light Hard 9-C"
"mk-8-biotech-implant-salvage","Light Normal 9-F"
"mk-8-biotech-implant-salvage","Light Normal 9-H"
"mk-8-biotech-implant-salvage","STR Gear Challenge (sun, mon, thu)"
"mk-5-athakam-medpac-component","Dark Hard 9-C"
"mk-5-athakam-medpac-component","Dark Normal 9-F"
"mk-5-athakam-medpac-salvage","Light Hard 9-D"
"mk-5-athakam-medpac-salvage","Light Normal 9-G"
"mk-5-athakam-medpac-salvage","TAC Gear Challenge (sun, wed, sat)"
"mk-7-merr-sonn-shield-generator-salvage","Light Hard 9-A"
"mk-7-merr-sonn-shield-generator-salvage","Light Normal 9-A"
"mk-10-blastech-weapon-mod-component","Light Hard 9-A"
"mk-10-blastech-weapon-mod-component","Light Normal 9-B"
"mk-10-blastech-weapon-mod-salvage","Dark Hard 9-A"
"mk-10-blastech-weapon-mod-salvage","Dark Normal 9-A"
"mk-10-blastech-weapon-mod-salvage","Light Hard 8-D"
"mk-10-blastech-weapon-mod-salvage","Light Normal 8-H"
"mk-9-fabritech-data-pad-component","Light Hard 9-C"
"mk-9-fabritech-data-pad-component","Light Normal 9-E"
"mk-9-fabritech-data-pad-salvage","AGI Gear Challenge (sun, tue, fri)"
"mk-9-fabritech-data-pad-salvage","Dark Hard 9-B"
"mk-9-fabritech-data-pad-salvage","Dark Hard 9-D"
"mk-9-fabritech-data-pad-salvage","Dark Normal 9-D"
"mk-9-fabritech-data-pad-salvage","Dark Normal 9-H"
"mk-9-neuro-saav-electrobinoculars-salvage","Light Hard 9-B"
"mk-9-neuro-saav-electrobinoculars-salvage","Light Normal 9-C"
"mk-10-neuro-saav-electrobinoculars","Dark Hard 9-B"
"mk-10-neuro-saav-electrobinoculars","Dark Hard 9-D"
"mk-10-neuro-saav-electrobinoculars","Dark Normal 9-C"
"mk-10-neuro-saav-electrobinoculars","Dark Normal 9-G"
